Ward code,Wards (2022),Borough,FYE 2023
E05009288,Aldersgate,City of London,6
E05009292,Bishopsgate,City of London,55
E05009302,Cripplegate,City of London,17
E05009304,Farringdon Within,City of London,..
E05009305,Farringdon Without,City of London,6
E05009308,Portsoken,City of London,35
E05009309,Queenhithe,City of London,5
E05009310,Tower,City of London,140
E05014053,Abbey,Barking and Dagenham,294
E05014054,Alibon,Barking and Dagenham,675
E05014055,Barking Riverside,Barking and Dagenham,895
E05014056,Beam,Barking and Dagenham,723
E05014057,Becontree,Barking and Dagenham,774
E05014058,Chadwell Heath,Barking and Dagenham,886
E05014059,Eastbrook and Rush Green,Barking and Dagenham,506
E05014060,Eastbury,Barking and Dagenham,1231
E05014061,Gascoigne,Barking and Dagenham,1054
E05014062,Goresbrook,Barking and Dagenham,925
E05014063,Heath,Barking and Dagenham,806
E05014064,Longbridge,Barking and Dagenham,905
E05014065,Mayesbrook,Barking and Dagenham,1130
E05014066,Northbury,Barking and Dagenham,1059
E05014067,Parsloes,Barking and Dagenham,1031
E05014068,Thames View,Barking and Dagenham,375
E05014069,Valence,Barking and Dagenham,1239
E05014070,Village,Barking and Dagenham,1013
E05014071,Whalebone,Barking and Dagenham,811
E05013628,Barnet Vale,Barnet,307
E05013629,Brunswick Park,Barnet,357
E05013630,Burnt Oak,Barnet,1343
E05013631,Childs Hill,Barnet,519
E05013632,Colindale North,Barnet,945
E05013633,Colindale South,Barnet,707
E05013634,Cricklewood,Barnet,504
E05013635,East Barnet,Barnet,462
E05013636,East Finchley,Barnet,405
E05013637,Edgware,Barnet,566
E05013638,Edgwarebury,Barnet,590
E05013639,Finchley Church End,Barnet,332
E05013640,Friern Barnet,Barnet,561
E05013641,Garden Suburb,Barnet,99
E05013642,Golders Green,Barnet,795
E05013643,Hendon,Barnet,744
E05013644,High Barnet,Barnet,186
E05013645,Mill Hill,Barnet,424
E05013646,Totteridge and Woodside,Barnet,247
E05013647,Underhill,Barnet,380
E05013648,West Finchley,Barnet,352
E05013649,West Hendon,Barnet,490
E05013650,Whetstone,Barnet,139
E05013651,Woodhouse,Barnet,305
E05011217,Barnehurst,Bexley,353
E05011218,Belvedere,Bexley,822
E05011219,Bexleyheath,Bexley,357
E05011220,Blackfen and Lamorbey,Bexley,283
E05011221,Blendon and Penhill,Bexley,299
E05011222,Crayford,Bexley,634
E05011223,Crook Log,Bexley,303
E05011224,East Wickham,Bexley,447
E05011225,Erith,Bexley,531
E05011226,Falconwood and Welling,Bexley,489
E05011227,Longlands,Bexley,173
E05011228,Northumberland Heath,Bexley,427
E05011229,St Mary's and St James,Bexley,232
E05011230,Sidcup,Bexley,360
E05011231,Slade Green and Northend,Bexley,773
E05011232,Thamesmead East,Bexley,1103
E05011233,West Heath,Bexley,402
E05013496,Alperton,Brent,852
E05013497,Barnhill,Brent,521
E05013498,Brondesbury Park,Brent,305
E05013499,Cricklewood and Mapesbury,Brent,360
E05013500,Dollis Hill,Brent,1177
E05013501,Harlesden and Kensal Green,Brent,810
E05013502,Kenton,Brent,634
E05013503,Kilburn,Brent,742
E05013504,Kingsbury,Brent,568
E05013505,Northwick Park,Brent,355
E05013506,Preston,Brent,528
E05013507,Queens Park,Brent,408
E05013508,Queensbury,Brent,761
E05013509,Roundwood,Brent,931
E05013510,Stonebridge,Brent,1367
E05013511,Sudbury,Brent,592
E05013512,Tokyngton,Brent,411
E05013513,Welsh Harp,Brent,912
E05013514,Wembley Central,Brent,1029
E05013515,Wembley Hill,Brent,544
E05013516,Wembley Park,Brent,141
E05013517,Willesden Green,Brent,636
E05013987,Beckenham Town and Copers Cope,Bromley,185
E05013988,Bickley and Sundridge,Bromley,230
E05013989,Biggin Hill,Bromley,267
E05013990,Bromley Common and Holwood,Bromley,474
E05013991,Bromley Town,Bromley,287
E05013992,Chelsfield,Bromley,146
E05013993,Chislehurst,Bromley,198
E05013994,Clock House,Bromley,314
E05013995,Crystal Palace and Anerley,Bromley,419
E05013996,Darwin,Bromley,124
E05013997,Farnborough and Crofton,Bromley,260
E05013998,Hayes and Coney Hall,Bromley,264
E05013999,Kelsey and Eden Park,Bromley,254
E05014000,Mottingham,Bromley,502
E05014001,Orpington,Bromley,369
E05014002,Penge and Cator,Bromley,643
E05014003,Petts Wood and Knoll,Bromley,193
E05014004,Plaistow,Bromley,394
E05014005,Shortlands and Park Langley,Bromley,168
E05014006,St Mary Cray,Bromley,768
E05014007,St Paul's Cray,Bromley,878
E05014008,West Wickham,Bromley,154
E05013652,Belsize,Camden,78
E05013653,Bloomsbury,Camden,562
E05013654,Camden Square,Camden,376
E05013655,Camden Town,Camden,235
E05013656,Fortune Green,Camden,263
E05013657,Frognal,Camden,75
E05013658,Gospel Oak,Camden,483
E05013659,Hampstead Town,Camden,62
E05013660,Haverstock,Camden,652
E05013661,Highgate,Camden,279
E05013662,Holborn and Covent Garden,Camden,666
E05013663,Kentish Town North,Camden,204
E05013664,Kentish Town South,Camden,438
E05013665,Kilburn,Camden,665
E05013666,King's Cross,Camden,382
E05013667,Primrose Hill,Camden,337
E05013668,Regent's Park,Camden,676
E05013669,St Pancras and Somers Town,Camden,998
E05013670,South Hampstead,Camden,311
E05013671,West Hampstead,Camden,237
E05011462,Addiscombe East,Croydon,323
E05011463,Addiscombe West,Croydon,561
E05011464,Bensham Manor,Croydon,895
E05011465,Broad Green,Croydon,1214
E05011466,Coulsdon Town,Croydon,304
E05011467,Crystal Palace and Upper Norwood,Croydon,534
E05011468,Fairfield,Croydon,476
E05011469,Kenley,Croydon,222
E05011470,New Addington North,Croydon,990
E05011471,New Addington South,Croydon,721
E05011472,Norbury and Pollards Hill,Croydon,585
E05011473,Norbury Park,Croydon,445
E05011474,Old Coulsdon,Croydon,238
E05011475,Park Hill and Whitgift,Croydon,81
E05011476,Purley and Woodcote,Croydon,369
E05011477,Purley Oaks and Riddlesdown,Croydon,221
E05011478,Sanderstead,Croydon,238
E05011479,Selhurst,Croydon,666
E05011480,Selsdon and Addington Village,Croydon,308
E05011481,Selsdon Vale and Forestdale,Croydon,273
E05011482,Shirley North,Croydon,533
E05011483,Shirley South,Croydon,505
E05011484,South Croydon,Croydon,555
E05011485,South Norwood,Croydon,728
E05011486,Thornton Heath,Croydon,820
E05011487,Waddon,Croydon,885
E05011488,West Thornton,Croydon,1172
E05011489,Woodside,Croydon,768
E05013518,Central Greenford,Ealing,544
E05013519,Dormers Wells,Ealing,920
E05013520,Ealing Broadway,Ealing,178
E05013521,Ealing Common,Ealing,286
E05013522,East Acton,Ealing,588
E05013523,Greenford Broadway,Ealing,910
E05013524,Hanger Hill,Ealing,299
E05013525,Hanwell Broadway,Ealing,482
E05013526,Lady Margaret,Ealing,726
E05013527,North Acton,Ealing,474
E05013528,North Greenford,Ealing,574
E05013529,North Hanwell,Ealing,585
E05013530,Northfield,Ealing,149
E05013531,Northolt Mandeville,Ealing,911
E05013532,Northolt West End,Ealing,1121
E05013533,Norwood Green,Ealing,886
E05013534,Perivale,Ealing,690
E05013535,Pitshanger,Ealing,523
E05013536,South Acton,Ealing,727
E05013537,Southall Broadway,Ealing,627
E05013538,Southall Green,Ealing,798
E05013539,Southall West,Ealing,335
E05013540,Southfield,Ealing,193
E05013541,Walpole,Ealing,231
E05013672,Arnos Grove,Enfield,137
E05013673,Bowes,Enfield,483
E05013674,Brimsdown,Enfield,931
E05013675,Bullsmoor,Enfield,679
E05013676,Bush Hill Park,Enfield,221
E05013677,Carterhatch,Enfield,720
E05013678,Cockfosters,Enfield,245
E05013679,Edmonton Green,Enfield,1393
E05013680,Enfield Lock,Enfield,1030
E05013681,Grange Park,Enfield,127
E05013682,Haselbury,Enfield,1084
E05013683,Highfield,Enfield,325
E05013684,Jubilee,Enfield,886
E05013685,Lower Edmonton,Enfield,1221
E05013686,New Southgate,Enfield,426
E05013687,Oakwood,Enfield,185
E05013688,Palmers Green,Enfield,266
E05013689,Ponders End,Enfield,714
E05013690,Ridgeway,Enfield,206
E05013691,Southbury,Enfield,518
E05013692,Southgate,Enfield,263
E05013693,Town,Enfield,265
E05013694,Upper Edmonton,Enfield,1156
E05013695,Whitewebbs,Enfield,453
E05013696,Winchmore Hill,Enfield,176
E05014072,Abbey Wood,Greenwich,1235
E05014073,Blackheath Westcombe,Greenwich,270
E05014074,Charlton Hornfair,Greenwich,659
E05014075,Charlton Village and Riverside,Greenwich,577
E05014076,East Greenwich,Greenwich,470
E05014077,Eltham Page,Greenwich,595
E05014078,Eltham Park and Progress,Greenwich,210
E05014079,Eltham Town and Avery Hill,Greenwich,489
E05014080,Greenwich Creekside,Greenwich,474
E05014081,Greenwich Park,Greenwich,285
E05014082,Greenwich Peninsula,Greenwich,248
E05014083,Kidbrooke Park,Greenwich,374
E05014084,Kidbrooke Village and Sutcliffe,Greenwich,147
E05014085,Middle Park and Horn Park,Greenwich,586
E05014086,"Mottingham, Coldharbour and New Eltham",Greenwich,571
E05014087,Plumstead and Glyndon,Greenwich,1519
E05014088,Plumstead Common,Greenwich,685
E05014089,Shooters Hill,Greenwich,666
E05014090,Thamesmead Moorings,Greenwich,977
E05014091,West Thamesmead,Greenwich,631
E05014092,Woolwich Arsenal,Greenwich,412
E05014093,Woolwich Common,Greenwich,896
E05014094,Woolwich Dockyard,Greenwich,1074
E05009367,Brownswood,Hackney,271
E05009368,Cazenove,Hackney,1225
E05009369,Clissold,Hackney,470
E05009370,Dalston,Hackney,261
E05009371,De Beauvoir,Hackney,347
E05009372,Hackney Central,Hackney,670
E05009373,Hackney Downs,Hackney,691
E05009374,Hackney Wick,Hackney,658
E05009375,Haggerston,Hackney,826
E05009376,Homerton,Hackney,942
E05009377,Hoxton East and Shoreditch,Hackney,642
E05009378,Hoxton West,Hackney,676
E05009379,King's Park,Hackney,787
E05009380,Lea Bridge,Hackney,664
E05009381,London Fields,Hackney,468
E05009382,Shacklewell,Hackney,491
E05009383,Springfield,Hackney,1517
E05009384,Stamford Hill West,Hackney,874
E05009385,Stoke Newington,Hackney,339
E05009386,Victoria,Hackney,571
E05009387,Woodberry Down,Hackney,840
E05013733,Addison,Hammersmith and Fulham,206
E05013734,Avonmore,Hammersmith and Fulham,126
E05013735,Brook Green,Hammersmith and Fulham,111
E05013736,College Park and Old Oak,Hammersmith and Fulham,425
E05013737,Coningham,Hammersmith and Fulham,292
E05013738,Fulham Reach,Hammersmith and Fulham,173
E05013739,Fulham Town,Hammersmith and Fulham,92
E05013740,Grove,Hammersmith and Fulham,115
E05013741,Hammersmith Broadway,Hammersmith and Fulham,203
E05013742,Lillie,Hammersmith and Fulham,255
E05013743,Munster,Hammersmith and Fulham,162
E05013744,Palace and Hurlingham,Hammersmith and Fulham,142
E05013745,Parsons Green and Sandford,Hammersmith and Fulham,73
E05013746,Ravenscourt,Hammersmith and Fulham,117
E05013747,Sands End,Hammersmith and Fulham,343
E05013748,Shepherd's Bush Green,Hammersmith and Fulham,276
E05013749,Walham Green,Hammersmith and Fulham,240
E05013750,Wendell Park,Hammersmith and Fulham,223
E05013751,West Kensington,Hammersmith and Fulham,302
E05013752,White City,Hammersmith and Fulham,647
E05013753,Wormholt,Hammersmith and Fulham,315
E05013585,Alexandra Park,Haringey,132
E05013586,Bounds Green,Haringey,363
E05013587,Bruce Castle,Haringey,913
E05013588,Crouch End,Haringey,183
E05013589,Fortis Green,Haringey,186
E05013590,Harringay,Haringey,338
E05013591,Hermitage and Gardens,Haringey,289
E05013592,Highgate,Haringey,127
E05013593,Hornsey,Haringey,376
E05013594,Muswell Hill,Haringey,89
E05013595,Noel Park,Haringey,649
E05013596,Northumberland Park,Haringey,1053
E05013597,St Ann's,Haringey,463
E05013598,Seven Sisters,Haringey,651
E05013599,South Tottenham,Haringey,1225
E05013600,Stroud Green,Haringey,256
E05013601,Tottenham Central,Haringey,661
E05013602,Tottenham Hale,Haringey,639
E05013603,West Green,Haringey,666
E05013604,White Hart Lane,Haringey,903
E05013605,Woodside,Haringey,685
E05013542,Belmont,Harrow,311
E05013543,Canons,Harrow,294
E05013544,Centenary,Harrow,709
E05013545,Edgware,Harrow,895
E05013546,Greenhill,Harrow,298
E05013547,Harrow on the Hill,Harrow,301
E05013548,Harrow Weald,Harrow,556
E05013549,Hatch End,Harrow,164
E05013550,Headstone,Harrow,342
E05013551,Kenton East,Harrow,693
E05013552,Kenton West,Harrow,425
E05013553,Marlborough,Harrow,534
E05013554,North Harrow,Harrow,177
E05013555,Pinner,Harrow,356
E05013556,Pinner South,Harrow,246
E05013557,Rayners Lane,Harrow,298
E05013558,Roxbourne,Harrow,528
E05013559,Roxeth,Harrow,750
E05013560,Stanmore,Harrow,469
E05013561,Wealdstone North,Harrow,583
E05013562,Wealdstone South,Harrow,453
E05013563,West Harrow,Harrow,406
E05013967,Beam Park,Havering,295
E05013968,Cranham,Havering,205
E05013969,Elm Park,Havering,519
E05013970,Emerson Park,Havering,151
E05013971,Gooshays,Havering,1127
E05013972,Hacton,Havering,107
E05013973,Harold Wood,Havering,265
E05013974,Havering-atte-Bower,Havering,721
E05013975,Heaton,Havering,1067
E05013976,Hylands and Harrow Lodge,Havering,330
E05013977,Marshalls and Rise Park,Havering,281
E05013978,Mawneys,Havering,542
E05013979,Rainham and Wennington,Havering,621
E05013980,Rush Green and Crowlands,Havering,820
E05013981,St Alban's,Havering,338
E05013982,St Andrew's,Havering,308
E05013983,St Edward's,Havering,302
E05013984,South Hornchurch,Havering,527
E05013985,Squirrels Heath,Havering,323
E05013986,Upminster,Havering,154
E05013564,Belmore,Hillingdon,909
E05013565,Charville,Hillingdon,563
E05013566,Colham and Cowley,Hillingdon,779
E05013567,Eastcote,Hillingdon,279
E05013568,Harefield Village,Hillingdon,193
E05013569,Hayes Town,Hillingdon,950
E05013570,Heathrow Villages,Hillingdon,617
E05013571,Hillingdon East,Hillingdon,523
E05013572,Hillingdon West,Hillingdon,272
E05013573,Ickenham and South Harefield,Hillingdon,230
E05013574,Northwood,Hillingdon,150
E05013575,Northwood Hills,Hillingdon,339
E05013576,Pinkwell,Hillingdon,1026
E05013577,Ruislip,Hillingdon,220
E05013578,Ruislip Manor,Hillingdon,160
E05013579,South Ruislip,Hillingdon,525
E05013580,Uxbridge,Hillingdon,640
E05013581,West Drayton,Hillingdon,865
E05013582,Wood End,Hillingdon,1359
E05013583,Yeading,Hillingdon,908
E05013584,Yiewsley,Hillingdon,661
E05013606,Bedfont,Hounslow,823
E05013607,Brentford East,Hounslow,523
E05013608,Brentford West,Hounslow,244
E05013609,Chiswick Gunnersbury,Hounslow,211
E05013610,Chiswick Homefields,Hounslow,190
E05013611,Chiswick Riverside,Hounslow,187
E05013612,Cranford,Hounslow,888
E05013613,Feltham North,Hounslow,536
E05013614,Feltham West,Hounslow,699
E05013615,Hanworth Park,Hounslow,479
E05013616,Hanworth Village,Hounslow,928
E05013617,Heston Central,Hounslow,697
E05013618,Heston East,Hounslow,499
E05013619,Heston West,Hounslow,966
E05013620,Hounslow Central,Hounslow,324
E05013621,Hounslow East,Hounslow,360
E05013622,Hounslow Heath,Hounslow,804
E05013623,Hounslow South,Hounslow,396
E05013624,Hounslow West,Hounslow,630
E05013625,Isleworth,Hounslow,641
E05013626,Osterley and Spring Grove,Hounslow,270
E05013627,Syon and Brentford Lock,Hounslow,436
E05013697,Arsenal,Islington,520
E05013698,Barnsbury,Islington,309
E05013699,Bunhill,Islington,406
E05013700,Caledonian,Islington,570
E05013701,Canonbury,Islington,498
E05013702,Clerkenwell,Islington,336
E05013703,Finsbury Park,Islington,724
E05013704,Highbury,Islington,298
E05013705,Hillrise,Islington,658
E05013706,Holloway,Islington,422
E05013707,Junction,Islington,338
E05013708,Laycock,Islington,455
E05013709,Mildmay,Islington,595
E05013710,St Mary's and St James',Islington,331
E05013711,St Peter's and Canalside,Islington,374
E05013712,Tollington,Islington,558
E05013713,Tufnell Park,Islington,398
E05009388,Abingdon,Kensington and Chelsea,137
E05009389,Brompton and Hans Town,Kensington and Chelsea,67
E05009390,Campden,Kensington and Chelsea,40
E05009391,Chelsea Riverside,Kensington and Chelsea,199
E05009392,Colville,Kensington and Chelsea,167
E05009393,Courtfield,Kensington and Chelsea,40
E05009394,Dalgarno,Kensington and Chelsea,355
E05009395,Earl's Court,Kensington and Chelsea,83
E05009396,Golborne,Kensington and Chelsea,401
E05009397,Holland,Kensington and Chelsea,131
E05009398,Norland,Kensington and Chelsea,39
E05009399,Notting Dale,Kensington and Chelsea,361
E05009400,Pembridge,Kensington and Chelsea,37
E05009401,Queen's Gate,Kensington and Chelsea,178
E05009402,Redcliffe,Kensington and Chelsea,62
E05009403,Royal Hospital,Kensington and Chelsea,56
E05009404,St. Helen's,Kensington and Chelsea,117
E05009405,Stanley,Kensington and Chelsea,99
E05013928,Alexandra,Kingston upon Thames,75
E05013929,Berrylands,Kingston upon Thames,55
E05013930,Canbury Gardens,Kingston upon Thames,122
E05013931,Chessington South and Malden Rushett,Kingston upon Thames,262
E05013932,Coombe Hill,Kingston upon Thames,116
E05013933,Coombe Vale,Kingston upon Thames,173
E05013934,Green Lane and St James,Kingston upon Thames,156
E05013935,Hook and Chessington North,Kingston upon Thames,289
E05013936,King George's and Sunray,Kingston upon Thames,180
E05013937,Kingston Gate,Kingston upon Thames,232
E05013938,Kingston Town,Kingston upon Thames,162
E05013939,Motspur Park and Old Malden East,Kingston upon Thames,107
E05013940,New Malden Village,Kingston upon Thames,201
E05013941,Norbiton,Kingston upon Thames,503
E05013942,Old Malden,Kingston upon Thames,187
E05013943,St Mark's and Seething Wells,Kingston upon Thames,138
E05013944,Surbiton Hill,Kingston upon Thames,147
E05013945,Tolworth,Kingston upon Thames,312
E05013946,Tudor,Kingston upon Thames,57
E05014095,Brixton Acre Lane,Lambeth,423
E05014096,Brixton North,Lambeth,823
E05014097,Brixton Rush Common,Lambeth,656
E05014098,Brixton Windrush,Lambeth,323
E05014099,Clapham Common and Abbeville,Lambeth,145
E05014100,Clapham East,Lambeth,396
E05014101,Clapham Park,Lambeth,488
E05014102,Clapham Town,Lambeth,352
E05014103,Gipsy Hill,Lambeth,530
E05014104,Herne Hill and Loughborough Junction,Lambeth,459
E05014105,Kennington,Lambeth,634
E05014106,Knight's Hill,Lambeth,758
E05014107,Myatt's Fields,Lambeth,523
E05014108,Oval,Lambeth,376
E05014109,St Martin's,Lambeth,514
E05014110,Stockwell East,Lambeth,346
E05014111,Stockwell West and Larkhall,Lambeth,803
E05014112,Streatham Common and Vale,Lambeth,620
E05014113,Streatham Hill East,Lambeth,362
E05014114,Streatham Hill West and Thornton,Lambeth,212
E05014115,Streatham St Leonard's,Lambeth,464
E05014116,Streatham Wells,Lambeth,273
E05014117,Vauxhall,Lambeth,227
E05014118,Waterloo and South Bank,Lambeth,243
E05014119,West Dulwich,Lambeth,293
E05013714,Bellingham,Lewisham,718
E05013715,Blackheath,Lewisham,466
E05013716,Brockley,Lewisham,568
E05013717,Catford South,Lewisham,655
E05013718,Crofton Park,Lewisham,344
E05013719,Deptford,Lewisham,894
E05013720,Downham,Lewisham,1106
E05013721,Evelyn,Lewisham,694
E05013722,Forest Hill,Lewisham,536
E05013723,Grove Park,Lewisham,614
E05013724,Hither Green,Lewisham,803
E05013725,Ladywell,Lewisham,590
E05013726,Lee Green,Lewisham,402
E05013727,Lewisham Central,Lewisham,198
E05013728,New Cross Gate,Lewisham,510
E05013729,Perry Vale,Lewisham,701
E05013730,Rushey Green,Lewisham,678
E05013731,Sydenham,Lewisham,720
E05013732,Telegraph Hill,Lewisham,708
E05013810,Abbey,Merton,221
E05013811,Cannon Hill,Merton,166
E05013812,Colliers Wood,Merton,295
E05013813,Cricket Green,Merton,784
E05013814,Figge's Marsh,Merton,774
E05013815,Graveney,Merton,434
E05013816,Hillside,Merton,82
E05013817,Lavender Fields,Merton,499
E05013818,Longthornton,Merton,475
E05013819,Lower Morden,Merton,296
E05013820,Merton Park,Merton,119
E05013821,Pollards Hill,Merton,790
E05013822,Ravensbury,Merton,470
E05013823,Raynes Park,Merton,200
E05013824,St Helier,Merton,574
E05013825,Village,Merton,91
E05013826,Wandle,Merton,142
E05013827,West Barnes,Merton,180
E05013828,Wimbledon Park,Merton,162
E05013829,Wimbledon Town and Dundonald,Merton,94
E05013904,Beckton,Newham,893
E05013905,Boleyn,Newham,1033
E05013906,Canning Town North,Newham,646
E05013907,Canning Town South,Newham,422
E05013908,Custom House,Newham,1336
E05013909,East Ham,Newham,989
E05013910,East Ham South,Newham,1494
E05013911,Forest Gate North,Newham,579
E05013912,Forest Gate South,Newham,1110
E05013913,Green Street East,Newham,1189
E05013914,Green Street West,Newham,1079
E05013915,Little Ilford,Newham,1705
E05013916,Manor Park,Newham,1300
E05013917,Maryland,Newham,958
E05013918,Plaistow North,Newham,1255
E05013919,Plaistow South,Newham,898
E05013920,Plaistow West and Canning Town East,Newham,1309
E05013921,Plashet,Newham,748
E05013922,Royal Albert,Newham,509
E05013923,Royal Victoria,Newham,256
E05013924,Stratford,Newham,675
E05013926,Wall End,Newham,1188
E05013927,West Ham,Newham,976
E05011234,Aldborough,Redbridge,597
E05011235,Barkingside,Redbridge,431
E05011236,Bridge,Redbridge,386
E05011237,Chadwell,Redbridge,825
E05011238,Churchfields,Redbridge,494
E05011239,Clayhall,Redbridge,413
E05011240,Clementswood,Redbridge,1197
E05011241,Cranbrook,Redbridge,557
E05011242,Fairlop,Redbridge,523
E05011243,Fullwell,Redbridge,662
E05011244,Goodmayes,Redbridge,1057
E05011245,Hainault,Redbridge,719
E05011246,Ilford Town,Redbridge,717
E05011247,Loxford,Redbridge,1422
E05011248,Mayfield,Redbridge,962
E05011249,Monkhams,Redbridge,128
E05011250,Newbury,Redbridge,746
E05011251,Seven Kings,Redbridge,780
E05011252,South Woodford,Redbridge,241
E05011253,Valentines,Redbridge,806
E05011254,Wanstead Park,Redbridge,155
E05011255,Wanstead Village,Redbridge,228
E05013774,Barnes,Richmond upon Thames,110
E05013775,East Sheen,Richmond upon Thames,54
E05013776,Fulwell and Hampton Hill,Richmond upon Thames,137
E05013777,"Ham, Petersham and Richmond Riverside",Richmond upon Thames,257
E05013778,Hampton,Richmond upon Thames,127
E05013779,Hampton North,Richmond upon Thames,234
E05013780,Hampton Wick and South Teddington,Richmond upon Thames,121
E05013781,Heathfield,Richmond upon Thames,398
E05013782,Kew,Richmond upon Thames,109
E05013783,Mortlake and Barnes Common,Richmond upon Thames,190
E05013784,North Richmond,Richmond upon Thames,110
E05013785,St Margarets and North Twickenham,Richmond upon Thames,130
E05013786,South Richmond,Richmond upon Thames,79
E05013787,South Twickenham,Richmond upon Thames,58
E05013788,Teddington,Richmond upon Thames,85
E05013789,Twickenham Riverside,Richmond upon Thames,91
E05013790,West Twickenham,Richmond upon Thames,197
E05013791,Whitton,Richmond upon Thames,221
E05011095,Borough and Bankside,Southwark,276
E05011096,Camberwell Green,Southwark,765
E05011097,Champion Hill,Southwark,374
E05011098,Chaucer,Southwark,729
E05011099,Dulwich Hill,Southwark,129
E05011100,Dulwich Village,Southwark,105
E05011101,Dulwich Wood,Southwark,369
E05011102,Faraday,Southwark,801
E05011103,Goose Green,Southwark,204
E05011104,London Bridge and West Bermondsey,Southwark,462
E05011105,Newington,Southwark,757
E05011106,North Bermondsey,Southwark,467
E05011107,North Walworth,Southwark,646
E05011108,Nunhead and Queen's Road,Southwark,716
E05011109,Old Kent Road,Southwark,1078
E05011110,Peckham,Southwark,840
E05011111,Peckham Rye,Southwark,296
E05011112,Rotherhithe,Southwark,597
E05011113,Rye Lane,Southwark,580
E05011114,St George's,Southwark,275
E05011115,St Giles,Southwark,667
E05011116,South Bermondsey,Southwark,694
E05011117,Surrey Docks,Southwark,306
E05013754,Beddington,Sutton,306
E05013755,Belmont,Sutton,270
E05013756,Carshalton Central,Sutton,145
E05013757,Carshalton South and Clockhouse,Sutton,154
E05013758,Cheam,Sutton,140
E05013759,Hackbridge,Sutton,193
E05013760,North Cheam,Sutton,222
E05013761,St Helier East,Sutton,431
E05013762,St Helier West,Sutton,634
E05013763,South Beddington and Roundshaw,Sutton,428
E05013764,Stonecot,Sutton,194
E05013765,Sutton Central,Sutton,459
E05013766,Sutton North,Sutton,356
E05013767,Sutton South,Sutton,241
E05013768,Sutton West and East Cheam,Sutton,207
E05013769,The Wrythe,Sutton,413
E05013770,Wallington North,Sutton,317
E05013771,Wallington South,Sutton,273
E05013772,Worcester Park North,Sutton,247
E05013773,Worcester Park South,Sutton,93
E05009317,Bethnal Green,Tower Hamlets,1530
E05009318,Blackwall and Cubitt Town,Tower Hamlets,733
E05009319,Bow East,Tower Hamlets,1036
E05009320,Bow West,Tower Hamlets,724
E05009321,Bromley North,Tower Hamlets,804
E05009322,Bromley South,Tower Hamlets,1198
E05009323,Canary Wharf,Tower Hamlets,709
E05009324,Island Gardens,Tower Hamlets,676
E05009325,Lansbury,Tower Hamlets,1548
E05009326,Limehouse,Tower Hamlets,266
E05009327,Mile End,Tower Hamlets,1636
E05009328,Poplar,Tower Hamlets,732
E05009329,St Dunstan's,Tower Hamlets,1208
E05009330,St Katharine's and Wapping,Tower Hamlets,338
E05009331,St Peter's,Tower Hamlets,1554
E05009332,Shadwell,Tower Hamlets,1180
E05009333,Spitalfields and Banglatown,Tower Hamlets,784
E05009334,Stepney Green,Tower Hamlets,1085
E05009335,Weavers,Tower Hamlets,1001
E05009336,Whitechapel,Tower Hamlets,1281
E05013882,Cann Hall,Waltham Forest,1008
E05013883,Cathall,Waltham Forest,578
E05013884,Chapel End,Waltham Forest,704
E05013885,Chingford Green,Waltham Forest,322
E05013886,Endlebury,Waltham Forest,341
E05013887,Forest,Waltham Forest,1094
E05013888,Grove Green,Waltham Forest,543
E05013889,Hale End and Highams Park South,Waltham Forest,412
E05013890,Hatch Lane and Highams Park North,Waltham Forest,483
E05013891,High Street,Waltham Forest,605
E05013892,Higham Hill,Waltham Forest,1041
E05013893,Hoe Street,Waltham Forest,702
E05013894,Larkswood,Waltham Forest,621
E05013895,Lea Bridge,Waltham Forest,909
E05013896,Leyton,Waltham Forest,795
E05013897,Leytonstone,Waltham Forest,448
E05013898,Markhouse,Waltham Forest,505
E05013899,St James,Waltham Forest,513
E05013900,Upper Walthamstow,Waltham Forest,413
E05013901,Valley,Waltham Forest,763
E05013902,William Morris,Waltham Forest,820
E05013903,Wood Street,Waltham Forest,493
E05014009,Balham,Wandsworth,250
E05014010,Battersea Park,Wandsworth,822
E05014011,East Putney,Wandsworth,262
E05014012,Falconbrook,Wandsworth,826
E05014013,Furzedown,Wandsworth,604
E05014014,Lavender,Wandsworth,83
E05014015,Nine Elms,Wandsworth,22
E05014016,Northcote,Wandsworth,99
E05014017,Roehampton,Wandsworth,1322
E05014018,St Mary's,Wandsworth,264
E05014019,Shaftesbury and Queenstown,Wandsworth,589
E05014020,South Balham,Wandsworth,136
E05014021,Southfields,Wandsworth,132
E05014022,Thamesfield,Wandsworth,160
E05014023,Tooting Bec,Wandsworth,405
E05014024,Tooting Broadway,Wandsworth,508
E05014025,Trinity,Wandsworth,116
E05014026,Wandle,Wandsworth,216
E05014027,Wandsworth Common,Wandsworth,252
E05014028,Wandsworth Town,Wandsworth,422
E05014029,West Hill,Wandsworth,727
E05014030,West Putney,Wandsworth,469
E05013792,Abbey Road,Westminster,88
E05013793,Bayswater,Westminster,92
E05013794,Church Street,Westminster,598
E05013795,Harrow Road,Westminster,418
E05013796,Hyde Park,Westminster,284
E05013797,Knightsbridge and Belgravia,Westminster,163
E05013798,Lancaster Gate,Westminster,128
E05013799,Little Venice,Westminster,161
E05013800,Maida Vale,Westminster,270
E05013801,Marylebone,Westminster,95
E05013802,Pimlico North,Westminster,212
E05013803,Pimlico South,Westminster,368
E05013804,Queen's Park,Westminster,590
E05013805,Regent's Park,Westminster,112
E05013806,St James's,Westminster,131
E05013807,Vincent Square,Westminster,226
E05013808,West End,Westminster,155
E05013809,Westbourne,Westminster,617
